Date,Time,Match,Tournament,Kickoff,Market,Category,Platform 1,Bet 1,Odds 1,Stake 1 (GHS),Win 1 (GHS),Platform 2,Bet 2,Odds 2,Stake 2 (GHS),Win 2 (GHS),Platform 3,Bet 3,Odds 3,Stake 3 (GHS),Win 3 (GHS),Total Stake (GHS),Profit %,Profit (GHS)
2026-06-02,23:01:07,0,0,0,0,0,0,0,0,0,0,0,0,0,0,0,0,0,0,0,0,1200,0,0
2026-06-02,23:03:24,0,0,0,0,0,0,0,0,0,0,0,0,0,0,0,0,0,0,0,0,1200,0,0
2026-06-02,23:03:48,0,0,0,0,0,0,0,0,0,0,0,0,0,0,0,0,0,0,0,0,1200,0,0
2026-06-02,23:10:15,0,0,0,0,0,0,0,0,0,0,0,0,0,0,0,0,0,0,0,0,1200,0,0
2026-06-02,23:12:24,0,0,0,0,0,0,0,0,0,0,0,0,0,0,0,0,0,0,0,0,1200,0,0
2026-06-02,23:14:31,0,0,0,0,0,0,0,0,0,0,0,0,0,0,0,0,0,0,0,0,1200,0,0
2026-06-02,23:16:41,0,0,0,0,0,0,0,0,0,0,0,0,0,0,0,0,0,0,0,0,1200,0,0
2026-06-02,23:18:51,0,0,0,0,0,0,0,0,0,0,0,0,0,0,0,0,0,0,0,0,1200,0,0
2026-06-02,23:23:19,0,0,0,0,0,0,0,0,0,0,0,0,0,0,0,0,0,0,0,0,1200,0,0
2026-06-02,23:25:29,0,0,0,0,0,0,0,0,0,0,0,0,0,0,0,0,0,0,0,0,1200,0,0
2026-06-02,23:27:36,0,0,0,0,0,0,0,0,0,0,0,0,0,0,0,0,0,0,0,0,1200,0,0
2026-06-02,23:29:45,0,0,0,0,0,0,0,0,0,0,0,0,0,0,0,0,0,0,0,0,1200,0,0
2026-06-02,23:37:05,0,0,0,0,0,0,0,0,0,0,0,0,0,0,0,0,0,0,0,0,1200,0,0
2026-06-02,23:39:12,0,0,0,0,0,0,0,0,0,0,0,0,0,0,0,0,0,0,0,0,1200,0,0
2026-06-02,23:41:21,0,0,0,0,0,0,0,0,0,0,0,0,0,0,0,0,0,0,0,0,1200,0,0
2026-06-02,23:43:31,0,0,0,0,0,0,0,0,0,0,0,0,0,0,0,0,0,0,0,0,1200,0,0
2026-06-02,23:45:40,0,0,0,0,0,0,0,0,0,0,0,0,0,0,0,0,0,0,0,0,1200,0,0
2026-06-02,23:47:48,0,0,0,0,0,0,0,0,0,0,0,0,0,0,0,0,0,0,0,0,1200,0,0
2026-06-02,23:49:55,0,0,0,0,0,0,0,0,0,0,0,0,0,0,0,0,0,0,0,0,1200,0,0
2026-06-02,23:52:02,0,0,0,0,0,0,0,0,0,0,0,0,0,0,0,0,0,0,0,0,1200,0,0
2026-06-02,23:54:10,0,0,0,0,0,0,0,0,0,0,0,0,0,0,0,0,0,0,0,0,1200,0,0
2026-06-02,23:56:19,0,0,0,0,0,0,0,0,0,0,0,0,0,0,0,0,0,0,0,0,1200,0,0
2026-06-03,07:55:38,0,0,0,0,0,0,0,0,0,0,0,0,0,0,0,0,0,0,0,0,1200,0,0
2026-06-03,07:58:37,0,0,0,0,0,0,0,0,0,0,0,0,0,0,0,0,0,0,0,0,1200,0,0
2026-06-03,10:32:29,0,0,0,0,0,0,0,0,0,0,0,0,0,0,0,0,0,0,0,0,1200,0,0
2026-06-03,10:35:39,0,0,0,0,0,0,0,0,0,0,0,0,0,0,0,0,0,0,0,0,1200,0,0
2026-06-03,10:39:50,0,0,0,0,0,0,0,0,0,0,0,0,0,0,0,0,0,0,0,0,1200,0,0
2026-06-03,10:40:23,0,0,0,0,0,0,0,0,0,0,0,0,0,0,0,0,0,0,0,0,1200,0,0
2026-06-03,10:58:25,0,0,0,0,0,0,0,0,0,0,0,0,0,0,0,0,0,0,0,0,1200,0,0
2026-06-03,11:00:45,0,0,0,0,0,0,0,0,0,0,0,0,0,0,0,0,0,0,0,0,1200,0,0
2026-06-03,13:04:03,"Maksiuta, Volodymyr vs Hrytsenko, Evhenii",Ukraine. Setka Cup,2026-06-03 13:10,Winner,balanced,Sportybet,"Home Win (Maksiuta, Volodymyr)",1.7,442.7,2.59,1xBet,Away Win (Evhenii Hrytsenko),2.449,307.3,2.58,,,,,,750,0.34,2.58
2026-06-03,13:04:03,"Maksiuta, Volodymyr vs Hrytsenko, Evhenii",Ukraine. Setka Cup,2026-06-03 13:10,Winner,balanced,Football.com,"Home Win (Maksiuta, Volodymyr)",1.7,442.7,2.59,1xBet,Away Win (Evhenii Hrytsenko),2.449,307.3,2.58,,,,,,750,0.34,2.58
2026-06-03,13:04:03,"Maksiuta, Volodymyr vs Hrytsenko, Evhenii",Ukraine. Setka Cup,2026-06-03 13:10,Winner,balanced,1xBet,Away Win (Evhenii Hrytsenko),2.449,307.3,2.58,Sportybet,"Home Win (Maksiuta, Volodymyr)",1.7,442.7,2.59,,,,,,750,0.34,2.58
2026-06-03,13:04:03,"Maksiuta, Volodymyr vs Hrytsenko, Evhenii",Ukraine. Setka Cup,2026-06-03 13:10,Winner,balanced,1xBet,Away Win (Evhenii Hrytsenko),2.449,307.3,2.58,Football.com,"Home Win (Maksiuta, Volodymyr)",1.7,442.7,2.59,,,,,,750,0.34,2.58
2026-06-03,16:39:20,"Tichy, Jiri vs Orlowski, Petr",Czech Republic. Setka Cup,2026-06-03 18:00,Winner,balanced,Sportybet,"Away Win (Orlowski, Petr)",2.0,375.75,1.5,1xBet,Home Win (Jiri Tichy),2.008,374.25,1.49,,,,,,750,0.2,1.5
2026-06-03,16:39:20,"Tichy, Jiri vs Orlowski, Petr",Czech Republic. Setka Cup,2026-06-03 18:00,Winner,balanced,Football.com,"Away Win (Orlowski, Petr)",2.0,375.75,1.5,1xBet,Home Win (Jiri Tichy),2.008,374.25,1.49,,,,,,750,0.2,1.5
2026-06-03,16:39:20,"Tichy, Jiri vs Orlowski, Petr",Czech Republic. Setka Cup,2026-06-03 18:00,Winner,balanced,1xBet,Home Win (Jiri Tichy),2.008,374.25,1.49,Sportybet,"Away Win (Orlowski, Petr)",2.0,375.75,1.5,,,,,,750,0.2,1.5
2026-06-03,16:39:20,"Tichy, Jiri vs Orlowski, Petr",Czech Republic. Setka Cup,2026-06-03 18:00,Winner,balanced,1xBet,Home Win (Jiri Tichy),2.008,374.25,1.49,Football.com,"Away Win (Orlowski, Petr)",2.0,375.75,1.5,,,,,,750,0.2,1.5
2026-06-03,16:45:26,"Tichy, Jiri vs Orlowski, Petr",Czech Republic. Setka Cup,2026-06-03 18:00,Winner,balanced,Sportybet,"Away Win (Orlowski, Petr)",2.0,375.75,1.5,1xBet,Home Win (Jiri Tichy),2.008,374.25,1.49,,,,,,750,0.2,1.5
2026-06-03,16:45:26,"Tichy, Jiri vs Orlowski, Petr",Czech Republic. Setka Cup,2026-06-03 18:00,Winner,balanced,Football.com,"Away Win (Orlowski, Petr)",2.0,375.75,1.5,1xBet,Home Win (Jiri Tichy),2.008,374.25,1.49,,,,,,750,0.2,1.5
2026-06-03,16:45:26,"Tichy, Jiri vs Orlowski, Petr",Czech Republic. Setka Cup,2026-06-03 18:00,Winner,balanced,1xBet,Home Win (Jiri Tichy),2.008,374.25,1.49,Sportybet,"Away Win (Orlowski, Petr)",2.0,375.75,1.5,,,,,,750,0.2,1.5
2026-06-03,16:45:26,"Tichy, Jiri vs Orlowski, Petr",Czech Republic. Setka Cup,2026-06-03 18:00,Winner,balanced,1xBet,Home Win (Jiri Tichy),2.008,374.25,1.49,Football.com,"Away Win (Orlowski, Petr)",2.0,375.75,1.5,,,,,,750,0.2,1.5
